supp,dose,len,sd
OJ,0.5,13.23,4.459708510654032
OJ,1,22.7,3.910953279643667
OJ,2,26.06,2.6550580659061547
VC,0.5,7.9799999999999995,2.746634304016463
VC,1,16.77,2.515308684391993
VC,2,26.14,4.797730945167957
